address_from,address_to,block_number,gas,gas_used,input,output,timestamp,trace_id,trace_type,transaction_hash,value
0xe11fc0b43ab98eb91e9836129d1ee7c3bc95df50,0xc0aee478e3658e2610c5f7a4a2e1777ce9e4f2ac,11726955,699188,1344,0xe6a439050000000000000000000000002260fac5e5542a773aa44fbcfedf7c193bc2c599000000000000000000000000798d1be841a82a273720ce31c822c61a67a601c3,0x0000000000000000000000009a13867048e01c663ce8ce2fe0cdae69ff9f35e3,-1,1_0,STATICCALL,0x90fb0c9976361f537330a5617a404045ffb3fef5972cf67b531386014eeae7a9,-1
0xe11fc0b43ab98eb91e9836129d1ee7c3bc95df50,0x9a13867048e01c663ce8ce2fe0cdae69ff9f35e3,11726955,696219,1192,0x70a08231000000000000000000000000e11fc0b43ab98eb91e9836129d1ee7c3bc95df50,0x00000000000000000000000000000000000000000000000000000000240c8716,-1,1_1,STATICCALL,0x90fb0c9976361f537330a5617a404045ffb3fef5972cf67b531386014eeae7a9,-1
0xe11fc0b43ab98eb91e9836129d1ee7c3bc95df50,0x9a13867048e01c663ce8ce2fe0cdae69ff9f35e3,11726955,693682,29376,0xa9059cbb0000000000000000000000009a13867048e01c663ce8ce2fe0cdae69ff9f35e300000000000000000000000000000000000000000000000000000000240c8716,0x0000000000000000000000000000000000000000000000000000000000000001,-1,1_2,CALL,0x90fb0c9976361f537330a5617a404045ffb3fef5972cf67b531386014eeae7a9,0
0xe11fc0b43ab98eb91e9836129d1ee7c3bc95df50,0x9a13867048e01c663ce8ce2fe0cdae69ff9f35e3,11726955,662965,158584,0x89afcb44000000000000000000000000e11fc0b43ab98eb91e9836129d1ee7c3bc95df50,0x000000000000000000000000000000000000000000000000000000001489d90c000000000000000000000000000000000000000000000000000000005b496ed3,-1,1_3,CALL,0x90fb0c9976361f537330a5617a404045ffb3fef5972cf67b531386014eeae7a9,0
0x9a13867048e01c663ce8ce2fe0cdae69ff9f35e3,0x2260fac5e5542a773aa44fbcfedf7c193bc2c599,11726955,642545,1495,0x70a082310000000000000000000000009a13867048e01c663ce8ce2fe0cdae69ff9f35e3,0x00000000000000000000000000000000000000000000000000000006fe8a6f49,-1,2_0,STATICCALL,0x90fb0c9976361f537330a5617a404045ffb3fef5972cf67b531386014eeae7a9,-1
0x9a13867048e01c663ce8ce2fe0cdae69ff9f35e3,0x798d1be841a82a273720ce31c822c61a67a601c3,11726955,639466,5135,0x70a082310000000000000000000000009a13867048e01c663ce8ce2fe0cdae69ff9f35e3,0x0000000000000000000000000000000000000000000000000000001f165fdea0,-1,2_1,STATICCALL,0x90fb0c9976361f537330a5617a404045ffb3fef5972cf67b531386014eeae7a9,-1
0x798d1be841a82a273720ce31c822c61a67a601c3,0xfabec03b04279c6e73f27aaf25866acc844448ae,11726955,626786,2359,0x70a082310000000000000000000000009a13867048e01c663ce8ce2fe0cdae69ff9f35e3,0x0000000000000000000000000000000000000000000000000000001f165fdea0,-1,3_0,DELEGATECALL,0x90fb0c9976361f537330a5617a404045ffb3fef5972cf67b531386014eeae7a9,0
0x9a13867048e01c663ce8ce2fe0cdae69ff9f35e3,0xc0aee478e3658e2610c5f7a4a2e1777ce9e4f2ac,11726955,631129,1038,0x017e7e58,0x000000000000000000000000e11fc0b43ab98eb91e9836129d1ee7c3bc95df50,-1,2_2,STATICCALL,0x90fb0c9976361f537330a5617a404045ffb3fef5972cf67b531386014eeae7a9,-1
0x9a13867048e01c663ce8ce2fe0cdae69ff9f35e3,0x2260fac5e5542a773aa44fbcfedf7c193bc2c599,11726955,601539,31703,0xa9059cbb000000000000000000000000e11fc0b43ab98eb91e9836129d1ee7c3bc95df50000000000000000000000000000000000000000000000000000000001489d90c,0x0000000000000000000000000000000000000000000000000000000000000001,-1,2_3,CALL,0x90fb0c9976361f537330a5617a404045ffb3fef5972cf67b531386014eeae7a9,0
0x9a13867048e01c663ce8ce2fe0cdae69ff9f35e3,0x798d1be841a82a273720ce31c822c61a67a601c3,11726955,568718,33669,0xa9059cbb000000000000000000000000e11fc0b43ab98eb91e9836129d1ee7c3bc95df50000000000000000000000000000000000000000000000000000000005b496ed3,0x0000000000000000000000000000000000000000000000000000000000000001,-1,2_4,CALL,0x90fb0c9976361f537330a5617a404045ffb3fef5972cf67b531386014eeae7a9,0
0x798d1be841a82a273720ce31c822c61a67a601c3,0xfabec03b04279c6e73f27aaf25866acc844448ae,11726955,557140,30890,0xa9059cbb000000000000000000000000e11fc0b43ab98eb91e9836129d1ee7c3bc95df50000000000000000000000000000000000000000000000000000000005b496ed3,0x0000000000000000000000000000000000000000000000000000000000000001,-1,3_0,DELEGATECALL,0x90fb0c9976361f537330a5617a404045ffb3fef5972cf67b531386014eeae7a9,0
0x9a13867048e01c663ce8ce2fe0cdae69ff9f35e3,0x2260fac5e5542a773aa44fbcfedf7c193bc2c599,11726955,533795,1495,0x70a082310000000000000000000000009a13867048e01c663ce8ce2fe0cdae69ff9f35e3,0x00000000000000000000000000000000000000000000000000000006ea00963d,-1,2_5,STATICCALL,0x90fb0c9976361f537330a5617a404045ffb3fef5972cf67b531386014eeae7a9,-1
0x9a13867048e01c663ce8ce2fe0cdae69ff9f35e3,0x798d1be841a82a273720ce31c822c61a67a601c3,11726955,530718,5135,0x70a082310000000000000000000000009a13867048e01c663ce8ce2fe0cdae69ff9f35e3,0x0000000000000000000000000000000000000000000000000000001ebb166fcd,-1,2_6,STATICCALL,0x90fb0c9976361f537330a5617a404045ffb3fef5972cf67b531386014eeae7a9,-1
0x798d1be841a82a273720ce31c822c61a67a601c3,0xfabec03b04279c6e73f27aaf25866acc844448ae,11726955,519737,2359,0x70a082310000000000000000000000009a13867048e01c663ce8ce2fe0cdae69ff9f35e3,0x0000000000000000000000000000000000000000000000000000001ebb166fcd,-1,3_0,DELEGATECALL,0x90fb0c9976361f537330a5617a404045ffb3fef5972cf67b531386014eeae7a9,0
0xe11fc0b43ab98eb91e9836129d1ee7c3bc95df50,0x9a13867048e01c663ce8ce2fe0cdae69ff9f35e3,11726955,505263,1149,0x0dfe1681,0x0000000000000000000000002260fac5e5542a773aa44fbcfedf7c193bc2c599,-1,1_4,STATICCALL,0x90fb0c9976361f537330a5617a404045ffb3fef5972cf67b531386014eeae7a9,-1
0xe11fc0b43ab98eb91e9836129d1ee7c3bc95df50,0xc0aee478e3658e2610c5f7a4a2e1777ce9e4f2ac,11726955,500015,1344,0xe6a439050000000000000000000000002260fac5e5542a773aa44fbcfedf7c193bc2c599000000000000000000000000c02aaa39b223fe8d0a0e5c4f27ead9083c756cc2,0x000000000000000000000000ceff51756c56ceffca006cd410b03ffc46dd3a58,-1,1_5,STATICCALL,0x90fb0c9976361f537330a5617a404045ffb3fef5972cf67b531386014eeae7a9,-1
0xe11fc0b43ab98eb91e9836129d1ee7c3bc95df50,0xceff51756c56ceffca006cd410b03ffc46dd3a58,11726955,497087,1217,0x0902f1ac,0x000000000000000000000000000000000000000000000000000000bc695fc2e300000000000000000000000000000000000000000000296476dcd32ebc7d162000000000000000000000000000000000000000000000000000000000600f244b,-1,1_6,STATICCALL,0x90fb0c9976361f537330a5617a404045ffb3fef5972cf67b531386014eeae7a9,-1
0xe11fc0b43ab98eb91e9836129d1ee7c3bc95df50,0xceff51756c56ceffca006cd410b03ffc46dd3a58,11726955,494156,1149,0x0dfe1681,0x0000000000000000000000002260fac5e5542a773aa44fbcfedf7c193bc2c599,-1,1_7,STATICCALL,0x90fb0c9976361f537330a5617a404045ffb3fef5972cf67b531386014eeae7a9,-1
0xe11fc0b43ab98eb91e9836129d1ee7c3bc95df50,0x2260fac5e5542a773aa44fbcfedf7c193bc2c599,11726955,491131,12503,0xa9059cbb000000000000000000000000ceff51756c56ceffca006cd410b03ffc46dd3a58000000000000000000000000000000000000000000000000000000001489d90c,0x0000000000000000000000000000000000000000000000000000000000000001,-1,1_8,CALL,0x90fb0c9976361f537330a5617a404045ffb3fef5972cf67b531386014eeae7a9,0
0xe11fc0b43ab98eb91e9836129d1ee7c3bc95df50,0xceff51756c56ceffca006cd410b03ffc46dd3a58,11726955,476785,72287,0x022c0d9f00000000000000000000000000000000000000000000000000000000000000000000000000000000000000000000000000000000000000047f2692ca1e6cea19000000000000000000000000e11fc0b43ab98eb91e9836129d1ee7c3bc95df5000000000000000000000000000000000000000000000000000000000000000800000000000000000000000000000000000000000000000000000000000000000,,-1,1_9,CALL,0x90fb0c9976361f537330a5617a404045ffb3fef5972cf67b531386014eeae7a9,0
0xceff51756c56ceffca006cd410b03ffc46dd3a58,0xc02aaa39b223fe8d0a0e5c4f27ead9083c756cc2,11726955,458985,30162,0xa9059cbb000000000000000000000000e11fc0b43ab98eb91e9836129d1ee7c3bc95df500000000000000000000000000000000000000000000000047f2692ca1e6cea19,0x0000000000000000000000000000000000000000000000000000000000000001,-1,2_0,CALL,0x90fb0c9976361f537330a5617a404045ffb3fef5972cf67b531386014eeae7a9,0
0xceff51756c56ceffca006cd410b03ffc46dd3a58,0x2260fac5e5542a773aa44fbcfedf7c193bc2c599,11726955,427494,1495,0x70a08231000000000000000000000000ceff51756c56ceffca006cd410b03ffc46dd3a58,0x000000000000000000000000000000000000000000000000000000bc7de99bef,-1,2_1,STATICCALL,0x90fb0c9976361f537330a5617a404045ffb3fef5972cf67b531386014eeae7a9,-1
0xceff51756c56ceffca006cd410b03ffc46dd3a58,0xc02aaa39b223fe8d0a0e5c4f27ead9083c756cc2,11726955,424418,1234,0x70a08231000000000000000000000000ceff51756c56ceffca006cd410b03ffc46dd3a58,0x00000000000000000000000000000000000000000000295ff7b640649e102c07,-1,2_2,STATICCALL,0x90fb0c9976361f537330a5617a404045ffb3fef5972cf67b531386014eeae7a9,-1
0xe11fc0b43ab98eb91e9836129d1ee7c3bc95df50,0xc0aee478e3658e2610c5f7a4a2e1777ce9e4f2ac,11726955,403954,1344,0xe6a43905000000000000000000000000798d1be841a82a273720ce31c822c61a67a601c3000000000000000000000000c02aaa39b223fe8d0a0e5c4f27ead9083c756cc2,0x000000000000000000000000f41e354eb138b328d56957b36b7f814826708724,-1,1_10,STATICCALL,0x90fb0c9976361f537330a5617a404045ffb3fef5972cf67b531386014eeae7a9,-1
0xe11fc0b43ab98eb91e9836129d1ee7c3bc95df50,0xf41e354eb138b328d56957b36b7f814826708724,11726955,401029,1217,0x0902f1ac,0x00000000000000000000000000000000000000000000000000000000000006e50000000000000000000000000000000000000000000000000023930c395b1bdd00000000000000000000000000000000000000000000000000000000600f23bd,-1,1_11,STATICCALL,0x90fb0c9976361f537330a5617a404045ffb3fef5972cf67b531386014eeae7a9,-1
0xe11fc0b43ab98eb91e9836129d1ee7c3bc95df50,0xf41e354eb138b328d56957b36b7f814826708724,11726955,398097,1149,0x0dfe1681,0x000000000000000000000000798d1be841a82a273720ce31c822c61a67a601c3,-1,1_12,STATICCALL,0x90fb0c9976361f537330a5617a404045ffb3fef5972cf67b531386014eeae7a9,-1
0xe11fc0b43ab98eb91e9836129d1ee7c3bc95df50,0x798d1be841a82a273720ce31c822c61a67a601c3,11726955,395078,14469,0xa9059cbb000000000000000000000000f41e354eb138b328d56957b36b7f814826708724000000000000000000000000000000000000000000000000000000005b496ed3,0x0000000000000000000000000000000000000000000000000000000000000001,-1,1_13,CALL,0x90fb0c9976361f537330a5617a404045ffb3fef5972cf67b531386014eeae7a9,0
0x798d1be841a82a273720ce31c822c61a67a601c3,0xfabec03b04279c6e73f27aaf25866acc844448ae,11726955,386213,11690,0xa9059cbb000000000000000000000000f41e354eb138b328d56957b36b7f814826708724000000000000000000000000000000000000000000000000000000005b496ed3,0x0000000000000000000000000000000000000000000000000000000000000001,-1,2_0,DELEGATECALL,0x90fb0c9976361f537330a5617a404045ffb3fef5972cf67b531386014eeae7a9,0
0xe11fc0b43ab98eb91e9836129d1ee7c3bc95df50,0xf41e354eb138b328d56957b36b7f814826708724,11726955,378797,56727,0x022c0d9f0000000000000000000000000000000000000000000000000000000000000000000000000000000000000000000000000000000000000000002393098777d275000000000000000000000000e11fc0b43ab98eb91e9836129d1ee7c3bc95df5000000000000000000000000000000000000000000000000000000000000000800000000000000000000000000000000000000000000000000000000000000000,,-1,1_14,CALL,0x90fb0c9976361f537330a5617a404045ffb3fef5972cf67b531386014eeae7a9,0
0xf41e354eb138b328d56957b36b7f814826708724,0xc02aaa39b223fe8d0a0e5c4f27ead9083c756cc2,11726955,362528,10962,0xa9059cbb000000000000000000000000e11fc0b43ab98eb91e9836129d1ee7c3bc95df50000000000000000000000000000000000000000000000000002393098777d275,0x0000000000000000000000000000000000000000000000000000000000000001,-1,2_0,CALL,0x90fb0c9976361f537330a5617a404045ffb3fef5972cf67b531386014eeae7a9,0
0xf41e354eb138b328d56957b36b7f814826708724,0x798d1be841a82a273720ce31c822c61a67a601c3,11726955,349937,5135,0x70a08231000000000000000000000000f41e354eb138b328d56957b36b7f814826708724,0x000000000000000000000000000000000000000000000000000000005b4975b8,-1,2_1,STATICCALL,0x90fb0c9976361f537330a5617a404045ffb3fef5972cf67b531386014eeae7a9,-1
0x798d1be841a82a273720ce31c822c61a67a601c3,0xfabec03b04279c6e73f27aaf25866acc844448ae,11726955,341780,2359,0x70a08231000000000000000000000000f41e354eb138b328d56957b36b7f814826708724,0x000000000000000000000000000000000000000000000000000000005b4975b8,-1,3_0,DELEGATECALL,0x90fb0c9976361f537330a5617a404045ffb3fef5972cf67b531386014eeae7a9,0
0xf41e354eb138b328d56957b36b7f814826708724,0xc02aaa39b223fe8d0a0e5c4f27ead9083c756cc2,11726955,343278,1234,0x70a08231000000000000000000000000f41e354eb138b328d56957b36b7f814826708724,0x00000000000000000000000000000000000000000000000000000002b1e34968,-1,2_2,STATICCALL,0x90fb0c9976361f537330a5617a404045ffb3fef5972cf67b531386014eeae7a9,-1
0xe11fc0b43ab98eb91e9836129d1ee7c3bc95df50,0xc0aee478e3658e2610c5f7a4a2e1777ce9e4f2ac,11726955,320980,1344,0xe6a43905000000000000000000000000c02aaa39b223fe8d0a0e5c4f27ead9083c756cc20000000000000000000000006b3595068778dd592e39a122f4f5a5cf09c90fe2,0x000000000000000000000000795065dcc9f64b5614c407a6efdc400da6221fb0,-1,1_15,STATICCALL,0x90fb0c9976361f537330a5617a404045ffb3fef5972cf67b531386014eeae7a9,-1
0xe11fc0b43ab98eb91e9836129d1ee7c3bc95df50,0x795065dcc9f64b5614c407a6efdc400da6221fb0,11726955,318055,1217,0x0902f1ac,0x0000000000000000000000000000000000000000000f889615c06555a03adaa100000000000000000000000000000000000000000000166a28be271ee0c5215b00000000000000000000000000000000000000000000000000000000600f24d1,-1,1_16,STATICCALL,0x90fb0c9976361f537330a5617a404045ffb3fef5972cf67b531386014eeae7a9,-1
0xe11fc0b43ab98eb91e9836129d1ee7c3bc95df50,0x795065dcc9f64b5614c407a6efdc400da6221fb0,11726955,315124,1149,0x0dfe1681,0x0000000000000000000000006b3595068778dd592e39a122f4f5a5cf09c90fe2,-1,1_17,STATICCALL,0x90fb0c9976361f537330a5617a404045ffb3fef5972cf67b531386014eeae7a9,-1
0xe11fc0b43ab98eb91e9836129d1ee7c3bc95df50,0xc02aaa39b223fe8d0a0e5c4f27ead9083c756cc2,11726955,312103,10962,0xa9059cbb000000000000000000000000795065dcc9f64b5614c407a6efdc400da6221fb00000000000000000000000000000000000000000000000047f4a25d3a5e4bc8e,0x0000000000000000000000000000000000000000000000000000000000000001,-1,1_18,CALL,0x90fb0c9976361f537330a5617a404045ffb3fef5972cf67b531386014eeae7a9,0
0xe11fc0b43ab98eb91e9836129d1ee7c3bc95df50,0x795065dcc9f64b5614c407a6efdc400da6221fb0,11726955,299271,56433,0x022c0d9f00000000000000000000000000000000000000000000031ad666fcd1b8d1bb6000000000000000000000000000000000000000000000000000000000000000000000000000000000000000008798249c2e607446efb7ad49ec89dd1865ff427200000000000000000000000000000000000000000000000000000000000000800000000000000000000000000000000000000000000000000000000000000000,,-1,1_19,CALL,0x90fb0c9976361f537330a5617a404045ffb3fef5972cf67b531386014eeae7a9,0
0x795065dcc9f64b5614c407a6efdc400da6221fb0,0x6b3595068778dd592e39a122f4f5a5cf09c90fe2,11726955,284275,14525,0xa9059cbb0000000000000000000000008798249c2e607446efb7ad49ec89dd1865ff427200000000000000000000000000000000000000000000031ad666fcd1b8d1bb60,0x0000000000000000000000000000000000000000000000000000000000000001,-1,2_0,CALL,0x90fb0c9976361f537330a5617a404045ffb3fef5972cf67b531386014eeae7a9,0
0x795065dcc9f64b5614c407a6efdc400da6221fb0,0x6b3595068778dd592e39a122f4f5a5cf09c90fe2,11726955,268157,1278,0x70a08231000000000000000000000000795065dcc9f64b5614c407a6efdc400da6221fb0,0x0000000000000000000000000000000000000000000f857b3f596883e7691f41,-1,2_1,STATICCALL,0x90fb0c9976361f537330a5617a404045ffb3fef5972cf67b531386014eeae7a9,-1
0x795065dcc9f64b5614c407a6efdc400da6221fb0,0xc02aaa39b223fe8d0a0e5c4f27ead9083c756cc2,11726955,265294,1234,0x70a08231000000000000000000000000795065dcc9f64b5614c407a6efdc400da6221fb0,0x00000000000000000000000000000000000000000000166ea8084cf286a9dde9,-1,2_2,STATICCALL,0x90fb0c9976361f537330a5617a404045ffb3fef5972cf67b531386014eeae7a9,-1
0xe11fc0b43ab98eb91e9836129d1ee7c3bc95df50,0xc0aee478e3658e2610c5f7a4a2e1777ce9e4f2ac,11726944,503655,1344,0xe6a43905000000000000000000000000a0b86991c6218b36c1d19d4a2e9eb0ce3606eb48000000000000000000000000c02aaa39b223fe8d0a0e5c4f27ead9083c756cc2,0x000000000000000000000000397ff1542f962076d0bfe58ea045ffa2d347aca0,-1,1_0,STATICCALL,0x5c1d151599bbacc19a09dfee888d3be2ccf3e2fa781679b9e0970e18b3300e44,-1
0xe11fc0b43ab98eb91e9836129d1ee7c3bc95df50,0x397ff1542f962076d0bfe58ea045ffa2d347aca0,11726944,500686,1192,0x70a08231000000000000000000000000e11fc0b43ab98eb91e9836129d1ee7c3bc95df50,0x000000000000000000000000000000000000000000000000000031eb20c08ed5,-1,1_1,STATICCALL,0x5c1d151599bbacc19a09dfee888d3be2ccf3e2fa781679b9e0970e18b3300e44,-1
0xe11fc0b43ab98eb91e9836129d1ee7c3bc95df50,0x397ff1542f962076d0bfe58ea045ffa2d347aca0,11726944,498148,29376,0xa9059cbb000000000000000000000000397ff1542f962076d0bfe58ea045ffa2d347aca0000000000000000000000000000000000000000000000000000031eb20c08ed5,0x0000000000000000000000000000000000000000000000000000000000000001,-1,1_2,CALL,0x5c1d151599bbacc19a09dfee888d3be2ccf3e2fa781679b9e0970e18b3300e44,0
0xe11fc0b43ab98eb91e9836129d1ee7c3bc95df50,0x397ff1542f962076d0bfe58ea045ffa2d347aca0,11726944,467432,162009,0x89afcb44000000000000000000000000e11fc0b43ab98eb91e9836129d1ee7c3bc95df50,0x000000000000000000000000000000000000000000000000000000009b4beb1b0000000000000000000000000000000000000000000000001a39044a4deb7005,-1,1_3,CALL,0x5c1d151599bbacc19a09dfee888d3be2ccf3e2fa781679b9e0970e18b3300e44,0
0x397ff1542f962076d0bfe58ea045ffa2d347aca0,0xa0b86991c6218b36c1d19d4a2e9eb0ce3606eb48,11726944,450068,3993,0x70a08231000000000000000000000000397ff1542f962076d0bfe58ea045ffa2d347aca0,0x00000000000000000000000000000000000000000000000000006a3177bcb0e8,-1,2_0,STATICCALL,0x5c1d151599bbacc19a09dfee888d3be2ccf3e2fa781679b9e0970e18b3300e44,-1
0xa0b86991c6218b36c1d19d4a2e9eb0ce3606eb48,0xb7277a6e95992041568d9391d09d0122023778a2,11726944,440337,1207,0x70a08231000000000000000000000000397ff1542f962076d0bfe58ea045ffa2d347aca0,0x00000000000000000000000000000000000000000000000000006a3177bcb0e8,-1,3_0,DELEGATECALL,0x5c1d151599bbacc19a09dfee888d3be2ccf3e2fa781679b9e0970e18b3300e44,0
0x397ff1542f962076d0bfe58ea045ffa2d347aca0,0xc02aaa39b223fe8d0a0e5c4f27ead9083c756cc2,11726944,444529,1234,0x70a08231000000000000000000000000397ff1542f962076d0bfe58ea045ffa2d347aca0,0x0000000000000000000000000000000000000000000011ee6c67c9e1df49a709,-1,2_1,STATICCALL,0x5c1d151599bbacc19a09dfee888d3be2ccf3e2fa781679b9e0970e18b3300e44,-1
0x397ff1542f962076d0bfe58ea045ffa2d347aca0,0xc0aee478e3658e2610c5f7a4a2e1777ce9e4f2ac,11726944,440032,1038,0x017e7e58,0x000000000000000000000000e11fc0b43ab98eb91e9836129d1ee7c3bc95df50,-1,2_2,STATICCALL,0x5c1d151599bbacc19a09dfee888d3be2ccf3e2fa781679b9e0970e18b3300e44,-1
0x397ff1542f962076d0bfe58ea045ffa2d347aca0,0xa0b86991c6218b36c1d19d4a2e9eb0ce3606eb48,11726944,404863,35773,0xa9059cbb000000000000000000000000e11fc0b43ab98eb91e9836129d1ee7c3bc95df50000000000000000000000000000000000000000000000000000000009b4beb1b,0x0000000000000000000000000000000000000000000000000000000000000001,-1,2_3,CALL,0x5c1d151599bbacc19a09dfee888d3be2ccf3e2fa781679b9e0970e18b3300e44,0
0xa0b86991c6218b36c1d19d4a2e9eb0ce3606eb48,0xb7277a6e95992041568d9391d09d0122023778a2,11726944,395835,32984,0xa9059cbb000000000000000000000000e11fc0b43ab98eb91e9836129d1ee7c3bc95df50000000000000000000000000000000000000000000000000000000009b4beb1b,0x0000000000000000000000000000000000000000000000000000000000000001,-1,3_0,DELEGATECALL,0x5c1d151599bbacc19a09dfee888d3be2ccf3e2fa781679b9e0970e18b3300e44,0
0x397ff1542f962076d0bfe58ea045ffa2d347aca0,0xc02aaa39b223fe8d0a0e5c4f27ead9083c756cc2,11726944,368036,30162,0xa9059cbb000000000000000000000000e11fc0b43ab98eb91e9836129d1ee7c3bc95df500000000000000000000000000000000000000000000000001a39044a4deb7005,0x0000000000000000000000000000000000000000000000000000000000000001,-1,2_4,CALL,0x5c1d151599bbacc19a09dfee888d3be2ccf3e2fa781679b9e0970e18b3300e44,0
0x397ff1542f962076d0bfe58ea045ffa2d347aca0,0xa0b86991c6218b36c1d19d4a2e9eb0ce3606eb48,11726944,336564,3993,0x70a08231000000000000000000000000397ff1542f962076d0bfe58ea045ffa2d347aca0,0x00000000000000000000000000000000000000000000000000006a30dc70c5cd,-1,2_5,STATICCALL,0x5c1d151599bbacc19a09dfee888d3be2ccf3e2fa781679b9e0970e18b3300e44,-1
0xa0b86991c6218b36c1d19d4a2e9eb0ce3606eb48,0xb7277a6e95992041568d9391d09d0122023778a2,11726944,328607,1207,0x70a08231000000000000000000000000397ff1542f962076d0bfe58ea045ffa2d347aca0,0x00000000000000000000000000000000000000000000000000006a30dc70c5cd,-1,3_0,DELEGATECALL,0x5c1d151599bbacc19a09dfee888d3be2ccf3e2fa781679b9e0970e18b3300e44,0
0x397ff1542f962076d0bfe58ea045ffa2d347aca0,0xc02aaa39b223fe8d0a0e5c4f27ead9083c756cc2,11726944,331029,1234,0x70a08231000000000000000000000000397ff1542f962076d0bfe58ea045ffa2d347aca0,0x0000000000000000000000000000000000000000000011ee522ec597915e3704,-1,2_6,STATICCALL,0x5c1d151599bbacc19a09dfee888d3be2ccf3e2fa781679b9e0970e18b3300e44,-1
0xe11fc0b43ab98eb91e9836129d1ee7c3bc95df50,0x397ff1542f962076d0bfe58ea045ffa2d347aca0,11726944,306359,1149,0x0dfe1681,0x000000000000000000000000a0b86991c6218b36c1d19d4a2e9eb0ce3606eb48,-1,1_4,STATICCALL,0x5c1d151599bbacc19a09dfee888d3be2ccf3e2fa781679b9e0970e18b3300e44,-1
0xe11fc0b43ab98eb91e9836129d1ee7c3bc95df50,0xc0aee478e3658e2610c5f7a4a2e1777ce9e4f2ac,11726944,303122,1344,0xe6a43905000000000000000000000000a0b86991c6218b36c1d19d4a2e9eb0ce3606eb48000000000000000000000000c02aaa39b223fe8d0a0e5c4f27ead9083c756cc2,0x000000000000000000000000397ff1542f962076d0bfe58ea045ffa2d347aca0,-1,1_5,STATICCALL,0x5c1d151599bbacc19a09dfee888d3be2ccf3e2fa781679b9e0970e18b3300e44,-1
0xe11fc0b43ab98eb91e9836129d1ee7c3bc95df50,0x397ff1542f962076d0bfe58ea045ffa2d347aca0,11726944,300195,1217,0x0902f1ac,0x00000000000000000000000000000000000000000000000000006a30dc70c5cd0000000000000000000000000000000000000000000011ee522ec597915e370400000000000000000000000000000000000000000000000000000000600f244b,-1,1_6,STATICCALL,0x5c1d151599bbacc19a09dfee888d3be2ccf3e2fa781679b9e0970e18b3300e44,-1
0xe11fc0b43ab98eb91e9836129d1ee7c3bc95df50,0x397ff1542f962076d0bfe58ea045ffa2d347aca0,11726944,297263,1149,0x0dfe1681,0x000000000000000000000000a0b86991c6218b36c1d19d4a2e9eb0ce3606eb48,-1,1_7,STATICCALL,0x5c1d151599bbacc19a09dfee888d3be2ccf3e2fa781679b9e0970e18b3300e44,-1
0xe11fc0b43ab98eb91e9836129d1ee7c3bc95df50,0xa0b86991c6218b36c1d19d4a2e9eb0ce3606eb48,11726944,294238,12373,0xa9059cbb000000000000000000000000397ff1542f962076d0bfe58ea045ffa2d347aca0000000000000000000000000000000000000000000000000000000009b4beb1b,0x0000000000000000000000000000000000000000000000000000000000000001,-1,1_8,CALL,0x5c1d151599bbacc19a09dfee888d3be2ccf3e2fa781679b9e0970e18b3300e44,0
0xa0b86991c6218b36c1d19d4a2e9eb0ce3606eb48,0xb7277a6e95992041568d9391d09d0122023778a2,11726944,286939,9584,0xa9059cbb000000000000000000000000397ff1542f962076d0bfe58ea045ffa2d347aca0000000000000000000000000000000000000000000000000000000009b4beb1b,0x0000000000000000000000000000000000000000000000000000000000000001,-1,2_0,DELEGATECALL,0x5c1d151599bbacc19a09dfee888d3be2ccf3e2fa781679b9e0970e18b3300e44,0
0xe11fc0b43ab98eb91e9836129d1ee7c3bc95df50,0x397ff1542f962076d0bfe58ea045ffa2d347aca0,11726944,280021,35025,0x022c0d9f00000000000000000000000000000000000000000000000000000000000000000000000000000000000000000000000000000000000000001a24ba931418824c000000000000000000000000e11fc0b43ab98eb91e9836129d1ee7c3bc95df5000000000000000000000000000000000000000000000000000000000000000800000000000000000000000000000000000000000000000000000000000000000,,-1,1_9,CALL,0x5c1d151599bbacc19a09dfee888d3be2ccf3e2fa781679b9e0970e18b3300e44,0
0x397ff1542f962076d0bfe58ea045ffa2d347aca0,0xc02aaa39b223fe8d0a0e5c4f27ead9083c756cc2,11726944,265295,6762,0xa9059cbb000000000000000000000000e11fc0b43ab98eb91e9836129d1ee7c3bc95df500000000000000000000000000000000000000000000000001a24ba931418824c,0x0000000000000000000000000000000000000000000000000000000000000001,-1,2_0,CALL,0x5c1d151599bbacc19a09dfee888d3be2ccf3e2fa781679b9e0970e18b3300e44,0
0x397ff1542f962076d0bfe58ea045ffa2d347aca0,0xa0b86991c6218b36c1d19d4a2e9eb0ce3606eb48,11726944,256839,3993,0x70a08231000000000000000000000000397ff1542f962076d0bfe58ea045ffa2d347aca0,0x00000000000000000000000000000000000000000000000000006a3177bcb0e8,-1,2_1,STATICCALL,0x5c1d151599bbacc19a09dfee888d3be2ccf3e2fa781679b9e0970e18b3300e44,-1
0xa0b86991c6218b36c1d19d4a2e9eb0ce3606eb48,0xb7277a6e95992041568d9391d09d0122023778a2,11726944,250127,1207,0x70a08231000000000000000000000000397ff1542f962076d0bfe58ea045ffa2d347aca0,0x00000000000000000000000000000000000000000000000000006a3177bcb0e8,-1,3_0,DELEGATECALL,0x5c1d151599bbacc19a09dfee888d3be2ccf3e2fa781679b9e0970e18b3300e44,0
0x397ff1542f962076d0bfe58ea045ffa2d347aca0,0xc02aaa39b223fe8d0a0e5c4f27ead9083c756cc2,11726944,251304,1234,0x70a08231000000000000000000000000397ff1542f962076d0bfe58ea045ffa2d347aca0,0x0000000000000000000000000000000000000000000011ee380a0b047d45b4b8,-1,2_2,STATICCALL,0x5c1d151599bbacc19a09dfee888d3be2ccf3e2fa781679b9e0970e18b3300e44,-1
0xe11fc0b43ab98eb91e9836129d1ee7c3bc95df50,0xc0aee478e3658e2610c5f7a4a2e1777ce9e4f2ac,11726944,243785,1344,0xe6a43905000000000000000000000000c02aaa39b223fe8d0a0e5c4f27ead9083c756cc20000000000000000000000006b3595068778dd592e39a122f4f5a5cf09c90fe2,0x000000000000000000000000795065dcc9f64b5614c407a6efdc400da6221fb0,-1,1_10,STATICCALL,0x5c1d151599bbacc19a09dfee888d3be2ccf3e2fa781679b9e0970e18b3300e44,-1
0xe11fc0b43ab98eb91e9836129d1ee7c3bc95df50,0x795065dcc9f64b5614c407a6efdc400da6221fb0,11726944,240860,1217,0x0902f1ac,0x0000000000000000000000000000000000000000000f8222ff57676a3a0f3693000000000000000000000000000000000000000000001673730ac469acac5c7c00000000000000000000000000000000000000000000000000000000600f244b,-1,1_11,STATICCALL,0x5c1d151599bbacc19a09dfee888d3be2ccf3e2fa781679b9e0970e18b3300e44,-1
0xe11fc0b43ab98eb91e9836129d1ee7c3bc95df50,0x795065dcc9f64b5614c407a6efdc400da6221fb0,11726944,237929,1149,0x0dfe1681,0x0000000000000000000000006b3595068778dd592e39a122f4f5a5cf09c90fe2,-1,1_12,STATICCALL,0x5c1d151599bbacc19a09dfee888d3be2ccf3e2fa781679b9e0970e18b3300e44,-1
0xe11fc0b43ab98eb91e9836129d1ee7c3bc95df50,0xc02aaa39b223fe8d0a0e5c4f27ead9083c756cc2,11726944,234909,10962,0xa9059cbb000000000000000000000000795065dcc9f64b5614c407a6efdc400da6221fb0000000000000000000000000000000000000000000000000345dbedd6203f251,0x0000000000000000000000000000000000000000000000000000000000000001,-1,1_13,CALL,0x5c1d151599bbacc19a09dfee888d3be2ccf3e2fa781679b9e0970e18b3300e44,0
0xe11fc0b43ab98eb91e9836129d1ee7c3bc95df50,0x795065dcc9f64b5614c407a6efdc400da6221fb0,11726944,222076,44273,0x022c0d9f000000000000000000000000000000000000000000000024101c77c83808f0f200000000000000000000000000000000000000000000000000000000000000000000000000000000000000008798249c2e607446efb7ad49ec89dd1865ff427200000000000000000000000000000000000000000000000000000000000000800000000000000000000000000000000000000000000000000000000000000000,,-1,1_14,CALL,0x5c1d151599bbacc19a09dfee888d3be2ccf3e2fa781679b9e0970e18b3300e44,0
0x795065dcc9f64b5614c407a6efdc400da6221fb0,0x6b3595068778dd592e39a122f4f5a5cf09c90fe2,11726944,208286,14525,0xa9059cbb0000000000000000000000008798249c2e607446efb7ad49ec89dd1865ff4272000000000000000000000000000000000000000000000024101c77c83808f0f2,0x0000000000000000000000000000000000000000000000000000000000000001,-1,2_0,CALL,0x5c1d151599bbacc19a09dfee888d3be2ccf3e2fa781679b9e0970e18b3300e44,0
0x795065dcc9f64b5614c407a6efdc400da6221fb0,0x6b3595068778dd592e39a122f4f5a5cf09c90fe2,11726944,192168,1278,0x70a08231000000000000000000000000795065dcc9f64b5614c407a6efdc400da6221fb0,0x0000000000000000000000000000000000000000000f81feef3aefa2020645a1,-1,2_1,STATICCALL,0x5c1d151599bbacc19a09dfee888d3be2ccf3e2fa781679b9e0970e18b3300e44,-1
0x795065dcc9f64b5614c407a6efdc400da6221fb0,0xc02aaa39b223fe8d0a0e5c4f27ead9083c756cc2,11726944,189306,1234,0x70a08231000000000000000000000000795065dcc9f64b5614c407a6efdc400da6221fb0,0x000000000000000000000000000000000000000000001673a76883470eb04ecd,-1,2_2,STATICCALL,0x5c1d151599bbacc19a09dfee888d3be2ccf3e2fa781679b9e0970e18b3300e44,-1
0xe11fc0b43ab98eb91e9836129d1ee7c3bc95df50,0xc0aee478e3658e2610c5f7a4a2e1777ce9e4f2ac,11726951,477905,1344,0xe6a43905000000000000000000000000a1faa113cbe53436df28ff0aee54275c13b40975000000000000000000000000c02aaa39b223fe8d0a0e5c4f27ead9083c756cc2,0x000000000000000000000000f55c33d94150d93c2cfb833bcca30be388b14964,-1,1_0,STATICCALL,0x7df39084b561ee2e7809e690f11e8e258dc65b6128399acbacf1f2433308de6a,-1
0xe11fc0b43ab98eb91e9836129d1ee7c3bc95df50,0xf55c33d94150d93c2cfb833bcca30be388b14964,11726951,474936,1192,0x70a08231000000000000000000000000e11fc0b43ab98eb91e9836129d1ee7c3bc95df50,0x00000000000000000000000000000000000000000000000356b7363e67aa6c79,-1,1_1,STATICCALL,0x7df39084b561ee2e7809e690f11e8e258dc65b6128399acbacf1f2433308de6a,-1
0xe11fc0b43ab98eb91e9836129d1ee7c3bc95df50,0xf55c33d94150d93c2cfb833bcca30be388b14964,11726951,472398,29376,0xa9059cbb000000000000000000000000f55c33d94150d93c2cfb833bcca30be388b1496400000000000000000000000000000000000000000000000356b7363e67aa6c79,0x0000000000000000000000000000000000000000000000000000000000000001,-1,1_2,CALL,0x7df39084b561ee2e7809e690f11e8e258dc65b6128399acbacf1f2433308de6a,0
0xe11fc0b43ab98eb91e9836129d1ee7c3bc95df50,0xf55c33d94150d93c2cfb833bcca30be388b14964,11726951,441682,153545,0x89afcb44000000000000000000000000e11fc0b43ab98eb91e9836129d1ee7c3bc95df50,0x000000000000000000000000000000000000000000000080925d17718e3b20c000000000000000000000000000000000000000000000000017d4bf641c7eac4f,-1,1_3,CALL,0x7df39084b561ee2e7809e690f11e8e258dc65b6128399acbacf1f2433308de6a,0
0xf55c33d94150d93c2cfb833bcca30be388b14964,0xa1faa113cbe53436df28ff0aee54275c13b40975,11726951,424720,1234,0x70a08231000000000000000000000000f55c33d94150d93c2cfb833bcca30be388b14964,0x00000000000000000000000000000000000000000001abfbd218fbf7f12eaf92,-1,2_0,STATICCALL,0x7df39084b561ee2e7809e690f11e8e258dc65b6128399acbacf1f2433308de6a,-1
0xf55c33d94150d93c2cfb833bcca30be388b14964,0xc02aaa39b223fe8d0a0e5c4f27ead9083c756cc2,11726951,421898,1234,0x70a08231000000000000000000000000f55c33d94150d93c2cfb833bcca30be388b14964,0x00000000000000000000000000000000000000000000004f53e3641d50afb4b4,-1,2_1,STATICCALL,0x7df39084b561ee2e7809e690f11e8e258dc65b6128399acbacf1f2433308de6a,-1
0xf55c33d94150d93c2cfb833bcca30be388b14964,0xc0aee478e3658e2610c5f7a4a2e1777ce9e4f2ac,11726951,417400,1038,0x017e7e58,0x000000000000000000000000e11fc0b43ab98eb91e9836129d1ee7c3bc95df50,-1,2_2,STATICCALL,0x7df39084b561ee2e7809e690f11e8e258dc65b6128399acbacf1f2433308de6a,-1
0xf55c33d94150d93c2cfb833bcca30be388b14964,0xa1faa113cbe53436df28ff0aee54275c13b40975,11726951,379012,29557,0xa9059cbb000000000000000000000000e11fc0b43ab98eb91e9836129d1ee7c3bc95df50000000000000000000000000000000000000000000000080925d17718e3b20c0,0x0000000000000000000000000000000000000000000000000000000000000001,-1,2_3,CALL,0x7df39084b561ee2e7809e690f11e8e258dc65b6128399acbacf1f2433308de6a,0
0xf55c33d94150d93c2cfb833bcca30be388b14964,0xc02aaa39b223fe8d0a0e5c4f27ead9083c756cc2,11726951,348304,30162,0xa9059cbb000000000000000000000000e11fc0b43ab98eb91e9836129d1ee7c3bc95df5000000000000000000000000000000000000000000000000017d4bf641c7eac4f,0x0000000000000000000000000000000000000000000000000000000000000001,-1,2_4,CALL,0x7df39084b561ee2e7809e690f11e8e258dc65b6128399acbacf1f2433308de6a,0
0xf55c33d94150d93c2cfb833bcca30be388b14964,0xa1faa113cbe53436df28ff0aee54275c13b40975,11726951,316832,1234,0x70a08231000000000000000000000000f55c33d94150d93c2cfb833bcca30be388b14964,0x00000000000000000000000000000000000000000001ab7b3fbbe48662f38ed2,-1,2_5,STATICCALL,0x7df39084b561ee2e7809e690f11e8e258dc65b6128399acbacf1f2433308de6a,-1
0xf55c33d94150d93c2cfb833bcca30be388b14964,0xc02aaa39b223fe8d0a0e5c4f27ead9083c756cc2,11726951,314013,1234,0x70a08231000000000000000000000000f55c33d94150d93c2cfb833bcca30be388b14964,0x00000000000000000000000000000000000000000000004f3c0ea4b934310865,-1,2_6,STATICCALL,0x7df39084b561ee2e7809e690f11e8e258dc65b6128399acbacf1f2433308de6a,-1
0xe11fc0b43ab98eb91e9836129d1ee7c3bc95df50,0xf55c33d94150d93c2cfb833bcca30be388b14964,11726951,288940,1149,0x0dfe1681,0x000000000000000000000000a1faa113cbe53436df28ff0aee54275c13b40975,-1,1_4,STATICCALL,0x7df39084b561ee2e7809e690f11e8e258dc65b6128399acbacf1f2433308de6a,-1
0xe11fc0b43ab98eb91e9836129d1ee7c3bc95df50,0xc0aee478e3658e2610c5f7a4a2e1777ce9e4f2ac,11726951,285704,1344,0xe6a43905000000000000000000000000a1faa113cbe53436df28ff0aee54275c13b40975000000000000000000000000c02aaa39b223fe8d0a0e5c4f27ead9083c756cc2,0x000000000000000000000000f55c33d94150d93c2cfb833bcca30be388b14964,-1,1_5,STATICCALL,0x7df39084b561ee2e7809e690f11e8e258dc65b6128399acbacf1f2433308de6a,-1
0xe11fc0b43ab98eb91e9836129d1ee7c3bc95df50,0xf55c33d94150d93c2cfb833bcca30be388b14964,11726951,282776,1217,0x0902f1ac,0x00000000000000000000000000000000000000000001ab7b3fbbe48662f38ed200000000000000000000000000000000000000000000004f3c0ea4b93431086500000000000000000000000000000000000000000000000000000000600f24d1,-1,1_6,STATICCALL,0x7df39084b561ee2e7809e690f11e8e258dc65b6128399acbacf1f2433308de6a,-1
0xe11fc0b43ab98eb91e9836129d1ee7c3bc95df50,0xf55c33d94150d93c2cfb833bcca30be388b14964,11726951,279845,1149,0x0dfe1681,0x000000000000000000000000a1faa113cbe53436df28ff0aee54275c13b40975,-1,1_7,STATICCALL,0x7df39084b561ee2e7809e690f11e8e258dc65b6128399acbacf1f2433308de6a,-1
0xe11fc0b43ab98eb91e9836129d1ee7c3bc95df50,0xa1faa113cbe53436df28ff0aee54275c13b40975,11726951,276820,6157,0xa9059cbb000000000000000000000000f55c33d94150d93c2cfb833bcca30be388b14964000000000000000000000000000000000000000000000080925d17718e3b20c0,0x0000000000000000000000000000000000000000000000000000000000000001,-1,1_8,CALL,0x7df39084b561ee2e7809e690f11e8e258dc65b6128399acbacf1f2433308de6a,0
0xe11fc0b43ab98eb91e9836129d1ee7c3bc95df50,0xf55c33d94150d93c2cfb833bcca30be388b14964,11726951,268721,32266,0x022c0d9f000000000000000000000000000000000000000000000000000000000000000000000000000000000000000000000000000000000000000017bb543f934e3686000000000000000000000000e11fc0b43ab98eb91e9836129d1ee7c3bc95df5000000000000000000000000000000000000000000000000000000000000000800000000000000000000000000000000000000000000000000000000000000000,,-1,1_9,CALL,0x7df39084b561ee2e7809e690f11e8e258dc65b6128399acbacf1f2433308de6a,0
0xf55c33d94150d93c2cfb833bcca30be388b14964,0xc02aaa39b223fe8d0a0e5c4f27ead9083c756cc2,11726951,254172,6762,0xa9059cbb000000000000000000000000e11fc0b43ab98eb91e9836129d1ee7c3bc95df5000000000000000000000000000000000000000000000000017bb543f934e3686,0x0000000000000000000000000000000000000000000000000000000000000001,-1,2_0,CALL,0x7df39084b561ee2e7809e690f11e8e258dc65b6128399acbacf1f2433308de6a,0
0xf55c33d94150d93c2cfb833bcca30be388b14964,0xa1faa113cbe53436df28ff0aee54275c13b40975,11726951,245715,1234,0x70a08231000000000000000000000000f55c33d94150d93c2cfb833bcca30be388b14964,0x00000000000000000000000000000000000000000001abfbd218fbf7f12eaf92,-1,2_1,STATICCALL,0x7df39084b561ee2e7809e690f11e8e258dc65b6128399acbacf1f2433308de6a,-1
0xf55c33d94150d93c2cfb833bcca30be388b14964,0xc02aaa39b223fe8d0a0e5c4f27ead9083c756cc2,11726951,242896,1234,0x70a08231000000000000000000000000f55c33d94150d93c2cfb833bcca30be388b14964,0x00000000000000000000000000000000000000000000004f24535079a0e2d1df,-1,2_2,STATICCALL,0x7df39084b561ee2e7809e690f11e8e258dc65b6128399acbacf1f2433308de6a,-1
0xe11fc0b43ab98eb91e9836129d1ee7c3bc95df50,0xc0aee478e3658e2610c5f7a4a2e1777ce9e4f2ac,11726951,235201,1344,0xe6a43905000000000000000000000000c02aaa39b223fe8d0a0e5c4f27ead9083c756cc20000000000000000000000006b3595068778dd592e39a122f4f5a5cf09c90fe2,0x000000000000000000000000795065dcc9f64b5614c407a6efdc400da6221fb0,-1,1_10,STATICCALL,0x7df39084b561ee2e7809e690f11e8e258dc65b6128399acbacf1f2433308de6a,-1
0xe11fc0b43ab98eb91e9836129d1ee7c3bc95df50,0x795065dcc9f64b5614c407a6efdc400da6221fb0,11726951,232277,1217,0x0902f1ac,0x0000000000000000000000000000000000000000000f88b6f2d1e208acbc5ab0000000000000000000000000000000000000000000001669f92e137b30f83e8600000000000000000000000000000000000000000000000000000000600f24d1,-1,1_11,STATICCALL,0x7df39084b561ee2e7809e690f11e8e258dc65b6128399acbacf1f2433308de6a,-1
0xe11fc0b43ab98eb91e9836129d1ee7c3bc95df50,0x795065dcc9f64b5614c407a6efdc400da6221fb0,11726951,229345,1149,0x0dfe1681,0x0000000000000000000000006b3595068778dd592e39a122f4f5a5cf09c90fe2,-1,1_12,STATICCALL,0x7df39084b561ee2e7809e690f11e8e258dc65b6128399acbacf1f2433308de6a,-1
0xe11fc0b43ab98eb91e9836129d1ee7c3bc95df50,0xc02aaa39b223fe8d0a0e5c4f27ead9083c756cc2,11726951,226325,10962,0xa9059cbb000000000000000000000000795065dcc9f64b5614c407a6efdc400da6221fb00000000000000000000000000000000000000000000000002f9013a3afcce2d5,0x0000000000000000000000000000000000000000000000000000000000000001,-1,1_13,CALL,0x7df39084b561ee2e7809e690f11e8e258dc65b6128399acbacf1f2433308de6a,0
0xe11fc0b43ab98eb91e9836129d1ee7c3bc95df50,0x795065dcc9f64b5614c407a6efdc400da6221fb0,11726951,213493,44273,0x022c0d9f000000000000000000000000000000000000000000000020dd117cb30c81800f00000000000000000000000000000000000000000000000000000000000000000000000000000000000000008798249c2e607446efb7ad49ec89dd1865ff427200000000000000000000000000000000000000000000000000000000000000800000000000000000000000000000000000000000000000000000000000000000,,-1,1_14,CALL,0x7df39084b561ee2e7809e690f11e8e258dc65b6128399acbacf1f2433308de6a,0
0x795065dcc9f64b5614c407a6efdc400da6221fb0,0x6b3595068778dd592e39a122f4f5a5cf09c90fe2,11726951,199837,14525,0xa9059cbb0000000000000000000000008798249c2e607446efb7ad49ec89dd1865ff4272000000000000000000000000000000000000000000000020dd117cb30c81800f,0x0000000000000000000000000000000000000000000000000000000000000001,-1,2_0,CALL,0x7df39084b561ee2e7809e690f11e8e258dc65b6128399acbacf1f2433308de6a,0
0x795065dcc9f64b5614c407a6efdc400da6221fb0,0x6b3595068778dd592e39a122f4f5a5cf09c90fe2,11726951,183719,1278,0x70a08231000000000000000000000000795065dcc9f64b5614c407a6efdc400da6221fb0,0x0000000000000000000000000000000000000000000f889615c06555a03adaa1,-1,2_1,STATICCALL,0x7df39084b561ee2e7809e690f11e8e258dc65b6128399acbacf1f2433308de6a,-1
0x795065dcc9f64b5614c407a6efdc400da6221fb0,0xc02aaa39b223fe8d0a0e5c4f27ead9083c756cc2,11726951,180857,1234,0x70a08231000000000000000000000000795065dcc9f64b5614c407a6efdc400da6221fb0,0x00000000000000000000000000000000000000000000166a28be271ee0c5215b,-1,2_2,STATICCALL,0x7df39084b561ee2e7809e690f11e8e258dc65b6128399acbacf1f2433308de6a,-1
0xe11fc0b43ab98eb91e9836129d1ee7c3bc95df50,0xc0aee478e3658e2610c5f7a4a2e1777ce9e4f2ac,11726951,621567,1344,0xe6a43905000000000000000000000000c011a73ee8576fb46f5e1c5751ca3b9fe0af2a6f000000000000000000000000c02aaa39b223fe8d0a0e5c4f27ead9083c756cc2,0x000000000000000000000000a1d7b2d891e3a1f9ef4bbc5be20630c2feb1c470,-1,1_0,STATICCALL,0xddd734c1f3e097d3d1cdd7d4c0ffae166b39992a1d055008bf6660b8c0b7582e,-1
0xe11fc0b43ab98eb91e9836129d1ee7c3bc95df50,0xa1d7b2d891e3a1f9ef4bbc5be20630c2feb1c470,11726951,618598,1192,0x70a08231000000000000000000000000e11fc0b43ab98eb91e9836129d1ee7c3bc95df50,0x000000000000000000000000000000000000000000000000bbc0a62920375540,-1,1_1,STATICCALL,0xddd734c1f3e097d3d1cdd7d4c0ffae166b39992a1d055008bf6660b8c0b7582e,-1
0xe11fc0b43ab98eb91e9836129d1ee7c3bc95df50,0xa1d7b2d891e3a1f9ef4bbc5be20630c2feb1c470,11726951,616061,29376,0xa9059cbb000000000000000000000000a1d7b2d891e3a1f9ef4bbc5be20630c2feb1c470000000000000000000000000000000000000000000000000bbc0a62920375540,0x0000000000000000000000000000000000000000000000000000000000000001,-1,1_2,CALL,0xddd734c1f3e097d3d1cdd7d4c0ffae166b39992a1d055008bf6660b8c0b7582e,0
0xe11fc0b43ab98eb91e9836129d1ee7c3bc95df50,0xa1d7b2d891e3a1f9ef4bbc5be20630c2feb1c470,11726951,585344,204218,0x89afcb44000000000000000000000000e11fc0b43ab98eb91e9836129d1ee7c3bc95df50,0x0000000000000000000000000000000000000000000000089967eefd8b3663f800000000000000000000000000000000000000000000000019769d1d95144c0d,-1,1_3,CALL,0xddd734c1f3e097d3d1cdd7d4c0ffae166b39992a1d055008bf6660b8c0b7582e,0
0xa1d7b2d891e3a1f9ef4bbc5be20630c2feb1c470,0xc011a73ee8576fb46f5e1c5751ca3b9fe0af2a6f,11726951,566137,7556,0x70a08231000000000000000000000000a1d7b2d891e3a1f9ef4bbc5be20630c2feb1c470,0x0000000000000000000000000000000000000000000143ff2dac8dbe6b20223e,-1,2_0,STATICCALL,0xddd734c1f3e097d3d1cdd7d4c0ffae166b39992a1d055008bf6660b8c0b7582e,-1
0xc011a73ee8576fb46f5e1c5751ca3b9fe0af2a6f,0x273ca27361cbf5169fcb7c1391968b6371294420,11726951,554542,4632,0x70a08231000000000000000000000000a1d7b2d891e3a1f9ef4bbc5be20630c2feb1c470,0x0000000000000000000000000000000000000000000143ff2dac8dbe6b20223e,-1,3_0,CALL,0xddd734c1f3e097d3d1cdd7d4c0ffae166b39992a1d055008bf6660b8c0b7582e,0
0x273ca27361cbf5169fcb7c1391968b6371294420,0x5b1b5fea1b99d83ad479df0c222f0492385381dd,11726951,542931,1186,0x70a08231000000000000000000000000a1d7b2d891e3a1f9ef4bbc5be20630c2feb1c470,0x0000000000000000000000000000000000000000000143ff2dac8dbe6b20223e,-1,4_0,STATICCALL,0xddd734c1f3e097d3d1cdd7d4c0ffae166b39992a1d055008bf6660b8c0b7582e,-1
0xa1d7b2d891e3a1f9ef4bbc5be20630c2feb1c470,0xc02aaa39b223fe8d0a0e5c4f27ead9083c756cc2,11726951,557092,1234,0x70a08231000000000000000000000000a1d7b2d891e3a1f9ef4bbc5be20630c2feb1c470,0x0000000000000000000000000000000000000000000003bf64316b1800d5d4fb,-1,2_1,STATICCALL,0xddd734c1f3e097d3d1cdd7d4c0ffae166b39992a1d055008bf6660b8c0b7582e,-1
0xa1d7b2d891e3a1f9ef4bbc5be20630c2feb1c470,0xc0aee478e3658e2610c5f7a4a2e1777ce9e4f2ac,11726951,552594,1038,0x017e7e58,0x000000000000000000000000e11fc0b43ab98eb91e9836129d1ee7c3bc95df50,-1,2_2,STATICCALL,0xddd734c1f3e097d3d1cdd7d4c0ffae166b39992a1d055008bf6660b8c0b7582e,-1
0xa1d7b2d891e3a1f9ef4bbc5be20630c2feb1c470,0xc011a73ee8576fb46f5e1c5751ca3b9fe0af2a6f,11726951,520576,74057,0xa9059cbb000000000000000000000000e11fc0b43ab98eb91e9836129d1ee7c3bc95df500000000000000000000000000000000000000000000000089967eefd8b3663f8,0x0000000000000000000000000000000000000000000000000000000000000001,-1,2_3,CALL,0xddd734c1f3e097d3d1cdd7d4c0ffae166b39992a1d055008bf6660b8c0b7582e,0
0xc011a73ee8576fb46f5e1c5751ca3b9fe0af2a6f,0x273ca27361cbf5169fcb7c1391968b6371294420,11726951,509484,7248,0xbc67f832000000000000000000000000a1d7b2d891e3a1f9ef4bbc5be20630c2feb1c470,,-1,3_0,CALL,0xddd734c1f3e097d3d1cdd7d4c0ffae166b39992a1d055008bf6660b8c0b7582e,0
0xc011a73ee8576fb46f5e1c5751ca3b9fe0af2a6f,0x273ca27361cbf5169fcb7c1391968b6371294420,11726951,499917,61192,0xa9059cbb000000000000000000000000e11fc0b43ab98eb91e9836129d1ee7c3bc95df500000000000000000000000000000000000000000000000089967eefd8b3663f8,0x0000000000000000000000000000000000000000000000000000000000000001,-1,3_1,CALL,0xddd734c1f3e097d3d1cdd7d4c0ffae166b39992a1d055008bf6660b8c0b7582e,0
0x273ca27361cbf5169fcb7c1391968b6371294420,0x4534e92eefecc63c6105f53893d355c14aa129cf,11726951,487731,1194,0x086dabd1,,-1,4_0,STATICCALL,0xddd734c1f3e097d3d1cdd7d4c0ffae166b39992a1d055008bf6660b8c0b7582e,-1
0x273ca27361cbf5169fcb7c1391968b6371294420,0x4b9ca5607f1ff8019c1c6a3c2f0cc8de622d5b82,11726951,482715,2275,0x8b3f8088000000000000000000000000a1d7b2d891e3a1f9ef4bbc5be20630c2feb1c470,0x00000000000000000000000000000000000000000000000000000000000000000000000000000000000000000000000000000000000000000000000000000000,-1,4_1,STATICCALL,0xddd734c1f3e097d3d1cdd7d4c0ffae166b39992a1d055008bf6660b8c0b7582e,-1
0x273ca27361cbf5169fcb7c1391968b6371294420,0x5b1b5fea1b99d83ad479df0c222f0492385381dd,11726951,475699,1186,0x70a08231000000000000000000000000a1d7b2d891e3a1f9ef4bbc5be20630c2feb1c470,0x0000000000000000000000000000000000000000000143ff2dac8dbe6b20223e,-1,4_2,STATICCALL,0xddd734c1f3e097d3d1cdd7d4c0ffae166b39992a1d055008bf6660b8c0b7582e,-1
0x273ca27361cbf5169fcb7c1391968b6371294420,0x5b1b5fea1b99d83ad479df0c222f0492385381dd,11726951,472450,6425,0xb46310f6000000000000000000000000a1d7b2d891e3a1f9ef4bbc5be20630c2feb1c4700000000000000000000000000000000000000000000143f694449ec0dfe9be46,,-1,4_3,CALL,0xddd734c1f3e097d3d1cdd7d4c0ffae166b39992a1d055008bf6660b8c0b7582e,0
0x273ca27361cbf5169fcb7c1391968b6371294420,0x5b1b5fea1b99d83ad479df0c222f0492385381dd,11726951,463608,1186,0x70a08231000000000000000000000000e11fc0b43ab98eb91e9836129d1ee7c3bc95df50,0x0000000000000000000000000000000000000000000000000000000000000000,-1,4_4,STATICCALL,0xddd734c1f3e097d3d1cdd7d4c0ffae166b39992a1d055008bf6660b8c0b7582e,-1
0x273ca27361cbf5169fcb7c1391968b6371294420,0x5b1b5fea1b99d83ad479df0c222f0492385381dd,11726951,460352,21425,0xb46310f6000000000000000000000000e11fc0b43ab98eb91e9836129d1ee7c3bc95df500000000000000000000000000000000000000000000000089967eefd8b3663f8,,-1,4_5,CALL,0xddd734c1f3e097d3d1cdd7d4c0ffae166b39992a1d055008bf6660b8c0b7582e,0
0x273ca27361cbf5169fcb7c1391968b6371294420,0xc011a73ee8576fb46f5e1c5751ca3b9fe0af2a6f,11726951,435493,3406,0x907dff9700000000000000000000000000000000000000000000000000000000000000c00000000000000000000000000000000000000000000000000000000000000003ddf252ad1be2c89b69c2b068fc378daa952ba7f163c4a11628f55a4df523b3ef000000000000000000000000a1d7b2d891e3a1f9ef4bbc5be20630c2feb1c470000000000000000000000000e11fc0b43ab98eb91e9836129d1ee7c3bc95df50000000000000000000000000000000000000000000000000000000000000000000000000000000000000000000000000000000000000000000000000000000200000000000000000000000000000000000000000000000089967eefd8b3663f8,,-1,4_6,CALL,0xddd734c1f3e097d3d1cdd7d4c0ffae166b39992a1d055008bf6660b8c0b7582e,0
0xa1d7b2d891e3a1f9ef4bbc5be20630c2feb1c470,0xc02aaa39b223fe8d0a0e5c4f27ead9083c756cc2,11726951,446063,30162,0xa9059cbb000000000000000000000000e11fc0b43ab98eb91e9836129d1ee7c3bc95df5000000000000000000000000000000000000000000000000019769d1d95144c0d,0x0000000000000000000000000000000000000000000000000000000000000001,-1,2_4,CALL,0xddd734c1f3e097d3d1cdd7d4c0ffae166b39992a1d055008bf6660b8c0b7582e,0
0xa1d7b2d891e3a1f9ef4bbc5be20630c2feb1c470,0xc011a73ee8576fb46f5e1c5751ca3b9fe0af2a6f,11726951,414592,7556,0x70a08231000000000000000000000000a1d7b2d891e3a1f9ef4bbc5be20630c2feb1c470,0x0000000000000000000000000000000000000000000143f694449ec0dfe9be46,-1,2_5,STATICCALL,0xddd734c1f3e097d3d1cdd7d4c0ffae166b39992a1d055008bf6660b8c0b7582e,-1
0xc011a73ee8576fb46f5e1c5751ca3b9fe0af2a6f,0x273ca27361cbf5169fcb7c1391968b6371294420,11726951,405365,4632,0x70a08231000000000000000000000000a1d7b2d891e3a1f9ef4bbc5be20630c2feb1c470,0x0000000000000000000000000000000000000000000143f694449ec0dfe9be46,-1,3_0,CALL,0xddd734c1f3e097d3d1cdd7d4c0ffae166b39992a1d055008bf6660b8c0b7582e,0
0x273ca27361cbf5169fcb7c1391968b6371294420,0x5b1b5fea1b99d83ad479df0c222f0492385381dd,11726951,396084,1186,0x70a08231000000000000000000000000a1d7b2d891e3a1f9ef4bbc5be20630c2feb1c470,0x0000000000000000000000000000000000000000000143f694449ec0dfe9be46,-1,4_0,STATICCALL,0xddd734c1f3e097d3d1cdd7d4c0ffae166b39992a1d055008bf6660b8c0b7582e,-1
0xa1d7b2d891e3a1f9ef4bbc5be20630c2feb1c470,0xc02aaa39b223fe8d0a0e5c4f27ead9083c756cc2,11726951,405549,1234,0x70a08231000000000000000000000000a1d7b2d891e3a1f9ef4bbc5be20630c2feb1c470,0x0000000000000000000000000000000000000000000003bf4abacdfa6bc188ee,-1,2_6,STATICCALL,0xddd734c1f3e097d3d1cdd7d4c0ffae166b39992a1d055008bf6660b8c0b7582e,-1
0xe11fc0b43ab98eb91e9836129d1ee7c3bc95df50,0xa1d7b2d891e3a1f9ef4bbc5be20630c2feb1c470,11726951,382722,1149,0x0dfe1681,0x000000000000000000000000c011a73ee8576fb46f5e1c5751ca3b9fe0af2a6f,-1,1_4,STATICCALL,0xddd734c1f3e097d3d1cdd7d4c0ffae166b39992a1d055008bf6660b8c0b7582e,-1
0xe11fc0b43ab98eb91e9836129d1ee7c3bc95df50,0xc0aee478e3658e2610c5f7a4a2e1777ce9e4f2ac,11726951,379485,1344,0xe6a43905000000000000000000000000c011a73ee8576fb46f5e1c5751ca3b9fe0af2a6f000000000000000000000000c02aaa39b223fe8d0a0e5c4f27ead9083c756cc2,0x000000000000000000000000a1d7b2d891e3a1f9ef4bbc5be20630c2feb1c470,-1,1_5,STATICCALL,0xddd734c1f3e097d3d1cdd7d4c0ffae166b39992a1d055008bf6660b8c0b7582e,-1
0xe11fc0b43ab98eb91e9836129d1ee7c3bc95df50,0xa1d7b2d891e3a1f9ef4bbc5be20630c2feb1c470,11726951,376557,1217,0x0902f1ac,0x0000000000000000000000000000000000000000000143f694449ec0dfe9be460000000000000000000000000000000000000000000003bf4abacdfa6bc188ee00000000000000000000000000000000000000000000000000000000600f24d1,-1,1_6,STATICCALL,0xddd734c1f3e097d3d1cdd7d4c0ffae166b39992a1d055008bf6660b8c0b7582e,-1
0xe11fc0b43ab98eb91e9836129d1ee7c3bc95df50,0xa1d7b2d891e3a1f9ef4bbc5be20630c2feb1c470,11726951,373626,1149,0x0dfe1681,0x000000000000000000000000c011a73ee8576fb46f5e1c5751ca3b9fe0af2a6f,-1,1_7,STATICCALL,0xddd734c1f3e097d3d1cdd7d4c0ffae166b39992a1d055008bf6660b8c0b7582e,-1
0xe11fc0b43ab98eb91e9836129d1ee7c3bc95df50,0xc011a73ee8576fb46f5e1c5751ca3b9fe0af2a6f,11726951,370601,46457,0xa9059cbb000000000000000000000000a1d7b2d891e3a1f9ef4bbc5be20630c2feb1c4700000000000000000000000000000000000000000000000089967eefd8b3663f8,0x0000000000000000000000000000000000000000000000000000000000000001,-1,1_8,CALL,0xddd734c1f3e097d3d1cdd7d4c0ffae166b39992a1d055008bf6660b8c0b7582e,0
0xc011a73ee8576fb46f5e1c5751ca3b9fe0af2a6f,0x273ca27361cbf5169fcb7c1391968b6371294420,11726951,361853,3048,0xbc67f832000000000000000000000000e11fc0b43ab98eb91e9836129d1ee7c3bc95df50,,-1,2_0,CALL,0xddd734c1f3e097d3d1cdd7d4c0ffae166b39992a1d055008bf6660b8c0b7582e,0
0xc011a73ee8576fb46f5e1c5751ca3b9fe0af2a6f,0x273ca27361cbf5169fcb7c1391968b6371294420,11726951,356420,37792,0xa9059cbb000000000000000000000000a1d7b2d891e3a1f9ef4bbc5be20630c2feb1c4700000000000000000000000000000000000000000000000089967eefd8b3663f8,0x0000000000000000000000000000000000000000000000000000000000000001,-1,2_1,CALL,0xddd734c1f3e097d3d1cdd7d4c0ffae166b39992a1d055008bf6660b8c0b7582e,0
0x273ca27361cbf5169fcb7c1391968b6371294420,0x4534e92eefecc63c6105f53893d355c14aa129cf,11726951,346476,1194,0x086dabd1,,-1,3_0,STATICCALL,0xddd734c1f3e097d3d1cdd7d4c0ffae166b39992a1d055008bf6660b8c0b7582e,-1
0x273ca27361cbf5169fcb7c1391968b6371294420,0x4b9ca5607f1ff8019c1c6a3c2f0cc8de622d5b82,11726951,341460,2275,0x8b3f8088000000000000000000000000e11fc0b43ab98eb91e9836129d1ee7c3bc95df50,0x00000000000000000000000000000000000000000000000000000000000000000000000000000000000000000000000000000000000000000000000000000000,-1,3_1,STATICCALL,0xddd734c1f3e097d3d1cdd7d4c0ffae166b39992a1d055008bf6660b8c0b7582e,-1
0x273ca27361cbf5169fcb7c1391968b6371294420,0x5b1b5fea1b99d83ad479df0c222f0492385381dd,11726951,334444,1186,0x70a08231000000000000000000000000e11fc0b43ab98eb91e9836129d1ee7c3bc95df50,0x0000000000000000000000000000000000000000000000089967eefd8b3663f8,-1,3_2,STATICCALL,0xddd734c1f3e097d3d1cdd7d4c0ffae166b39992a1d055008bf6660b8c0b7582e,-1
0x273ca27361cbf5169fcb7c1391968b6371294420,0x5b1b5fea1b99d83ad479df0c222f0492385381dd,11726951,331195,2225,0xb46310f6000000000000000000000000e11fc0b43ab98eb91e9836129d1ee7c3bc95df500000000000000000000000000000000000000000000000000000000000000000,,-1,3_3,CALL,0xddd734c1f3e097d3d1cdd7d4c0ffae166b39992a1d055008bf6660b8c0b7582e,0
0x273ca27361cbf5169fcb7c1391968b6371294420,0x5b1b5fea1b99d83ad479df0c222f0492385381dd,11726951,326487,1186,0x70a08231000000000000000000000000a1d7b2d891e3a1f9ef4bbc5be20630c2feb1c470,0x0000000000000000000000000000000000000000000143f694449ec0dfe9be46,-1,3_4,STATICCALL,0xddd734c1f3e097d3d1cdd7d4c0ffae166b39992a1d055008bf6660b8c0b7582e,-1
0x273ca27361cbf5169fcb7c1391968b6371294420,0x5b1b5fea1b99d83ad479df0c222f0492385381dd,11726951,323232,2225,0xb46310f6000000000000000000000000a1d7b2d891e3a1f9ef4bbc5be20630c2feb1c4700000000000000000000000000000000000000000000143ff2dac8dbe6b20223e,,-1,3_5,CALL,0xddd734c1f3e097d3d1cdd7d4c0ffae166b39992a1d055008bf6660b8c0b7582e,0
0x273ca27361cbf5169fcb7c1391968b6371294420,0xc011a73ee8576fb46f5e1c5751ca3b9fe0af2a6f,11726951,317272,3406,0x907dff9700000000000000000000000000000000000000000000000000000000000000c00000000000000000000000000000000000000000000000000000000000000003ddf252ad1be2c89b69c2b068fc378daa952ba7f163c4a11628f55a4df523b3ef000000000000000000000000e11fc0b43ab98eb91e9836129d1ee7c3bc95df50000000000000000000000000a1d7b2d891e3a1f9ef4bbc5be20630c2feb1c470000000000000000000000000000000000000000000000000000000000000000000000000000000000000000000000000000000000000000000000000000000200000000000000000000000000000000000000000000000089967eefd8b3663f8,,-1,3_6,CALL,0xddd734c1f3e097d3d1cdd7d4c0ffae166b39992a1d055008bf6660b8c0b7582e,0
0xe11fc0b43ab98eb91e9836129d1ee7c3bc95df50,0xa1d7b2d891e3a1f9ef4bbc5be20630c2feb1c470,11726951,322832,38588,0x022c0d9f0000000000000000000000000000000000000000000000000000000000000000000000000000000000000000000000000000000000000000196262d863814bf1000000000000000000000000e11fc0b43ab98eb91e9836129d1ee7c3bc95df5000000000000000000000000000000000000000000000000000000000000000800000000000000000000000000000000000000000000000000000000000000000,,-1,1_9,CALL,0xddd734c1f3e097d3d1cdd7d4c0ffae166b39992a1d055008bf6660b8c0b7582e,0
0xa1d7b2d891e3a1f9ef4bbc5be20630c2feb1c470,0xc02aaa39b223fe8d0a0e5c4f27ead9083c756cc2,11726951,307438,6762,0xa9059cbb000000000000000000000000e11fc0b43ab98eb91e9836129d1ee7c3bc95df50000000000000000000000000000000000000000000000000196262d863814bf1,0x0000000000000000000000000000000000000000000000000000000000000001,-1,2_0,CALL,0xddd734c1f3e097d3d1cdd7d4c0ffae166b39992a1d055008bf6660b8c0b7582e,0
0xa1d7b2d891e3a1f9ef4bbc5be20630c2feb1c470,0xc011a73ee8576fb46f5e1c5751ca3b9fe0af2a6f,11726951,298981,7556,0x70a08231000000000000000000000000a1d7b2d891e3a1f9ef4bbc5be20630c2feb1c470,0x0000000000000000000000000000000000000000000143ff2dac8dbe6b20223e,-1,2_1,STATICCALL,0xddd734c1f3e097d3d1cdd7d4c0ffae166b39992a1d055008bf6660b8c0b7582e,-1
0xc011a73ee8576fb46f5e1c5751ca3b9fe0af2a6f,0x273ca27361cbf5169fcb7c1391968b6371294420,11726951,291561,4632,0x70a08231000000000000000000000000a1d7b2d891e3a1f9ef4bbc5be20630c2feb1c470,0x0000000000000000000000000000000000000000000143ff2dac8dbe6b20223e,-1,3_0,CALL,0xddd734c1f3e097d3d1cdd7d4c0ffae166b39992a1d055008bf6660b8c0b7582e,0
0x273ca27361cbf5169fcb7c1391968b6371294420,0x5b1b5fea1b99d83ad479df0c222f0492385381dd,11726951,284059,1186,0x70a08231000000000000000000000000a1d7b2d891e3a1f9ef4bbc5be20630c2feb1c470,0x0000000000000000000000000000000000000000000143ff2dac8dbe6b20223e,-1,4_0,STATICCALL,0xddd734c1f3e097d3d1cdd7d4c0ffae166b39992a1d055008bf6660b8c0b7582e,-1
0xa1d7b2d891e3a1f9ef4bbc5be20630c2feb1c470,0xc02aaa39b223fe8d0a0e5c4f27ead9083c756cc2,11726951,289938,1234,0x70a08231000000000000000000000000a1d7b2d891e3a1f9ef4bbc5be20630c2feb1c470,0x0000000000000000000000000000000000000000000003bf31586b2208403cfd,-1,2_2,STATICCALL,0xddd734c1f3e097d3d1cdd7d4c0ffae166b39992a1d055008bf6660b8c0b7582e,-1
0xe11fc0b43ab98eb91e9836129d1ee7c3bc95df50,0xc0aee478e3658e2610c5f7a4a2e1777ce9e4f2ac,11726951,283089,1344,0xe6a43905000000000000000000000000c02aaa39b223fe8d0a0e5c4f27ead9083c756cc20000000000000000000000006b3595068778dd592e39a122f4f5a5cf09c90fe2,0x000000000000000000000000795065dcc9f64b5614c407a6efdc400da6221fb0,-1,1_10,STATICCALL,0xddd734c1f3e097d3d1cdd7d4c0ffae166b39992a1d055008bf6660b8c0b7582e,-1
0xe11fc0b43ab98eb91e9836129d1ee7c3bc95df50,0x795065dcc9f64b5614c407a6efdc400da6221fb0,11726951,280164,1217,0x0902f1ac,0x0000000000000000000000000000000000000000000f88da1586b98955b69099000000000000000000000000000000000000000000001669c65513853862a68800000000000000000000000000000000000000000000000000000000600f24bc,-1,1_11,STATICCALL,0xddd734c1f3e097d3d1cdd7d4c0ffae166b39992a1d055008bf6660b8c0b7582e,-1
0xe11fc0b43ab98eb91e9836129d1ee7c3bc95df50,0x795065dcc9f64b5614c407a6efdc400da6221fb0,11726951,277233,1149,0x0dfe1681,0x0000000000000000000000006b3595068778dd592e39a122f4f5a5cf09c90fe2,-1,1_12,STATICCALL,0xddd734c1f3e097d3d1cdd7d4c0ffae166b39992a1d055008bf6660b8c0b7582e,-1
0xe11fc0b43ab98eb91e9836129d1ee7c3bc95df50,0xc02aaa39b223fe8d0a0e5c4f27ead9083c756cc2,11726951,274213,10962,0xa9059cbb000000000000000000000000795065dcc9f64b5614c407a6efdc400da6221fb000000000000000000000000000000000000000000000000032d8fff5f89597fe,0x0000000000000000000000000000000000000000000000000000000000000001,-1,1_13,CALL,0xddd734c1f3e097d3d1cdd7d4c0ffae166b39992a1d055008bf6660b8c0b7582e,0
0xe11fc0b43ab98eb91e9836129d1ee7c3bc95df50,0x795065dcc9f64b5614c407a6efdc400da6221fb0,11726951,261381,56433,0x022c0d9f00000000000000000000000000000000000000000000002322b4d780a8fa35e900000000000000000000000000000000000000000000000000000000000000000000000000000000000000008798249c2e607446efb7ad49ec89dd1865ff427200000000000000000000000000000000000000000000000000000000000000800000000000000000000000000000000000000000000000000000000000000000,,-1,1_14,CALL,0xddd734c1f3e097d3d1cdd7d4c0ffae166b39992a1d055008bf6660b8c0b7582e,0
0x795065dcc9f64b5614c407a6efdc400da6221fb0,0x6b3595068778dd592e39a122f4f5a5cf09c90fe2,11726951,246977,14525,0xa9059cbb0000000000000000000000008798249c2e607446efb7ad49ec89dd1865ff427200000000000000000000000000000000000000000000002322b4d780a8fa35e9,0x0000000000000000000000000000000000000000000000000000000000000001,-1,2_0,CALL,0xddd734c1f3e097d3d1cdd7d4c0ffae166b39992a1d055008bf6660b8c0b7582e,0
0x795065dcc9f64b5614c407a6efdc400da6221fb0,0x6b3595068778dd592e39a122f4f5a5cf09c90fe2,11726951,230859,1278,0x70a08231000000000000000000000000795065dcc9f64b5614c407a6efdc400da6221fb0,0x0000000000000000000000000000000000000000000f88b6f2d1e208acbc5ab0,-1,2_1,STATICCALL,0xddd734c1f3e097d3d1cdd7d4c0ffae166b39992a1d055008bf6660b8c0b7582e,-1
0x795065dcc9f64b5614c407a6efdc400da6221fb0,0xc02aaa39b223fe8d0a0e5c4f27ead9083c756cc2,11726951,227997,1234,0x70a08231000000000000000000000000795065dcc9f64b5614c407a6efdc400da6221fb0,0x000000000000000000000000000000000000000000001669f92e137b30f83e86,-1,2_2,STATICCALL,0xddd734c1f3e097d3d1cdd7d4c0ffae166b39992a1d055008bf6660b8c0b7582e,-1
